<?xml version="1.0" encoding="UTF-8"?>
<root>
  <item name="com.stripe.android.net.StripeApiHandler com.stripe.android.model.Token requestToken(java.lang.String, java.lang.String, java.util.Map&lt;java.lang.String,java.lang.Object&gt;, com.stripe.android.net.RequestOptions) 0">
    <annotation name="android.support.annotation.StringDef">
      <val name="value" val="{com.stripe.android.net.StripeApiHandler.GET, com.stripe.android.net.StripeApiHandler.POST}" />
    </annotation>
  </item>
  <item name="com.stripe.android.net.StripeApiHandler com.stripe.android.net.StripeResponse getStripeResponse(java.lang.String, java.lang.String, java.util.Map&lt;java.lang.String,java.lang.Object&gt;, com.stripe.android.net.RequestOptions) 0">
    <annotation name="android.support.annotation.StringDef">
      <val name="value" val="{com.stripe.android.net.StripeApiHandler.GET, com.stripe.android.net.StripeApiHandler.POST}" />
    </annotation>
  </item>
  <item name="com.stripe.android.net.StripeApiHandler com.stripe.android.net.StripeResponse makeURLConnectionRequest(java.lang.String, java.lang.String, java.lang.String, com.stripe.android.net.RequestOptions) 0">
    <annotation name="android.support.annotation.StringDef">
      <val name="value" val="{com.stripe.android.net.StripeApiHandler.GET, com.stripe.android.net.StripeApiHandler.POST}" />
    </annotation>
  </item>
</root>

