<?xml version="1.0" encoding="UTF-8"?>
<root>
  <item name="com.stripe.android.model.Card brand">
    <annotation name="android.support.annotation.StringDef">
      <val name="value" val="{com.stripe.android.model.Card.AMERICAN_EXPRESS, com.stripe.android.model.Card.DISCOVER, com.stripe.android.model.Card.JCB, com.stripe.android.model.Card.DINERS_CLUB, com.stripe.android.model.Card.VISA, com.stripe.android.model.Card.MASTERCARD, com.stripe.android.model.Card.UNKNOWN}" />
    </annotation>
  </item>
  <item name="com.stripe.android.model.Card funding">
    <annotation name="android.support.annotation.StringDef">
      <val name="value" val="{com.stripe.android.model.Card.FUNDING_CREDIT, com.stripe.android.model.Card.FUNDING_DEBIT, com.stripe.android.model.Card.FUNDING_PREPAID, com.stripe.android.model.Card.FUNDING_UNKNOWN}" />
    </annotation>
  </item>
  <item name="com.stripe.android.model.Card java.lang.String getBrand()">
    <annotation name="android.support.annotation.StringDef">
      <val name="value" val="{com.stripe.android.model.Card.AMERICAN_EXPRESS, com.stripe.android.model.Card.DISCOVER, com.stripe.android.model.Card.JCB, com.stripe.android.model.Card.DINERS_CLUB, com.stripe.android.model.Card.VISA, com.stripe.android.model.Card.MASTERCARD, com.stripe.android.model.Card.UNKNOWN}" />
    </annotation>
  </item>
  <item name="com.stripe.android.model.Card java.lang.String getFunding()">
    <annotation name="android.support.annotation.StringDef">
      <val name="value" val="{com.stripe.android.model.Card.FUNDING_CREDIT, com.stripe.android.model.Card.FUNDING_DEBIT, com.stripe.android.model.Card.FUNDING_PREPAID, com.stripe.android.model.Card.FUNDING_UNKNOWN}" />
    </annotation>
  </item>
  <item name="com.stripe.android.model.Card java.lang.String getType()">
    <annotation name="android.support.annotation.StringDef">
      <val name="value" val="{com.stripe.android.model.Card.AMERICAN_EXPRESS, com.stripe.android.model.Card.DISCOVER, com.stripe.android.model.Card.JCB, com.stripe.android.model.Card.DINERS_CLUB, com.stripe.android.model.Card.VISA, com.stripe.android.model.Card.MASTERCARD, com.stripe.android.model.Card.UNKNOWN}" />
    </annotation>
  </item>
  <item name="com.stripe.android.model.Card.Builder brand">
    <annotation name="android.support.annotation.StringDef">
      <val name="value" val="{com.stripe.android.model.Card.AMERICAN_EXPRESS, com.stripe.android.model.Card.DISCOVER, com.stripe.android.model.Card.JCB, com.stripe.android.model.Card.DINERS_CLUB, com.stripe.android.model.Card.VISA, com.stripe.android.model.Card.MASTERCARD, com.stripe.android.model.Card.UNKNOWN}" />
    </annotation>
  </item>
  <item name="com.stripe.android.model.Card.Builder com.stripe.android.model.Card.Builder brand(java.lang.String) 0">
    <annotation name="android.support.annotation.StringDef">
      <val name="value" val="{com.stripe.android.model.Card.AMERICAN_EXPRESS, com.stripe.android.model.Card.DISCOVER, com.stripe.android.model.Card.JCB, com.stripe.android.model.Card.DINERS_CLUB, com.stripe.android.model.Card.VISA, com.stripe.android.model.Card.MASTERCARD, com.stripe.android.model.Card.UNKNOWN}" />
    </annotation>
  </item>
  <item name="com.stripe.android.model.Card.Builder com.stripe.android.model.Card.Builder funding(java.lang.String) 0">
    <annotation name="android.support.annotation.StringDef">
      <val name="value" val="{com.stripe.android.model.Card.FUNDING_CREDIT, com.stripe.android.model.Card.FUNDING_DEBIT, com.stripe.android.model.Card.FUNDING_PREPAID, com.stripe.android.model.Card.FUNDING_UNKNOWN}" />
    </annotation>
  </item>
  <item name="com.stripe.android.model.Card.Builder funding">
    <annotation name="android.support.annotation.StringDef">
      <val name="value" val="{com.stripe.android.model.Card.FUNDING_CREDIT, com.stripe.android.model.Card.FUNDING_DEBIT, com.stripe.android.model.Card.FUNDING_PREPAID, com.stripe.android.model.Card.FUNDING_UNKNOWN}" />
    </annotation>
  </item>
  <item name="com.stripe.android.model.Card.CardBrand">
    <annotation name="android.support.annotation.StringDef">
      <val name="value" val="{com.stripe.android.model.Card.AMERICAN_EXPRESS, com.stripe.android.model.Card.DISCOVER, com.stripe.android.model.Card.JCB, com.stripe.android.model.Card.DINERS_CLUB, com.stripe.android.model.Card.VISA, com.stripe.android.model.Card.MASTERCARD, com.stripe.android.model.Card.UNKNOWN}" />
    </annotation>
  </item>
  <item name="com.stripe.android.model.Card.FundingType">
    <annotation name="android.support.annotation.StringDef">
      <val name="value" val="{com.stripe.android.model.Card.FUNDING_CREDIT, com.stripe.android.model.Card.FUNDING_DEBIT, com.stripe.android.model.Card.FUNDING_PREPAID, com.stripe.android.model.Card.FUNDING_UNKNOWN}" />
    </annotation>
  </item>
  <item name="com.stripe.android.model.Token Token(java.lang.String, boolean, java.util.Date, java.lang.Boolean, com.stripe.android.model.Card, java.lang.String) 5">
    <annotation name="android.support.annotation.StringDef">
      <val name="value" val="{com.stripe.android.model.Token.TYPE_CARD}" />
    </annotation>
  </item>
  <item name="com.stripe.android.model.Token java.lang.String getType()">
    <annotation name="android.support.annotation.StringDef">
      <val name="value" val="{com.stripe.android.model.Token.TYPE_CARD}" />
    </annotation>
  </item>
  <item name="com.stripe.android.model.Token.TokenType">
    <annotation name="android.support.annotation.StringDef">
      <val name="value" val="{com.stripe.android.model.Token.TYPE_CARD}" />
    </annotation>
  </item>
</root>

